id;title;release_package_number;release_package_title;status;ecn
1;Sports Implementation Computers;help-desk digital;front-end;Markets Practical;overriding
2;line Argentina;Brand;Faso Agent Pennsylvania;parse Wisconsin;matrices firewall Codes
3;Associate copy;Plastic;Senior;Small;Burundi override override
4;Islands Customer;secondary Optimization Bedfordshire;Soap input interface;Program Georgia synergize;exuding
5;Concrete protocol;Berkshire relationships Account;Salad;Concrete;compelling
6;system-worthy;robust;Palau functionalities Intelligent;Iraqi Virtual;Romania
7;New;reboot port synergies;base payment;synthesizing;Engineer compress
8;orchestrate;Administrator Dobra;target Jewelery;maroon port;Cotton
9;Cotton optical;Refined;neural-net Unit deposit;Business-focused adapter;Product
10;Universal;Assistant vortals;discrete;benchmark Tools Mobility;morph Orchard
